{
  "iteration": 84,
  "label": "restart_0_spsa_28_minus",
  "loss": 171.68525847545249,
  "loss_components": {
    "alpha_post_objective": 89.44277689362002,
    "alpha_pre_penalty": 0.0,
    "psnr_penalty": 81.95664409219572,
    "ssim_penalty": 0.2561053951781598,
    "lpips_penalty": 0.0,
    "parameter_regularization_penalty": 0.029732094458574828
  },
  "metric_summary": {
    "alpha_pre": 92.52182173974143,
    "alpha_post": 89.44277689362002,
    "beta": {
      "psnr": 21.598568750185795,
      "ssim": 0.7787862864670682,
      "lpips": 0.12868426740169525
    }
  },
  "parameters": {
    "thin-plate-spline": {
      "strength": 0.0,
      "grid": 5
    },
    "delaunay": {
      "strength": 0.0006856591435385355,
      "grid": 12
    },
    "fft-phase": {
      "strength": 10000.0,
      "coefficients": 15
    },
    "elastic": {
      "strength": 0.011314340856461465,
      "sigma": 18.0
    },
    "rolling-shutter": {
      "strength": 0.0006856591435385355,
      "rolling_frequency": 0.5,
      "rolling_shear": 0.06,
      "rolling_acceleration": 0.026571704282307325
    }
  },
  "normalized_parameters": [
    0.0,
    0.057138261961544624,
    0.057138261961544624,
    1.0,
    1.0,
    0.9428617380384554,
    0.9428617380384554,
    1.0,
    0.057138261961544624,
    0.0,
    1.0,
    0.9428617380384554
  ],
  "metrics": {
    "alpha_pre": 92.52182173974143,
    "alpha_post": 89.44277689362002,
    "psnr": 21.598568750185795,
    "ssim": 0.7787862864670682,
    "lpips": 0.12868426740169525
  },
  "alpha_pre_report": {
    "image_a": "/home/interns/Desktop/work/fresh/output/loss_run_20260611_115708/original.png",
    "image_b": "/home/interns/Desktop/work/fresh/output/loss_run_20260611_115708/iterations/iter_000084/perturbed.png",
    "detector_backend": "skip",
    "distance_metric": "cosine",
    "execution": {
      "allow_parallel": false,
      "requested_workers": "auto",
      "enabled_models": 4,
      "cpu_count": 40,
      "total_memory_gb": 251.37,
      "available_memory_gb": 219.16,
      "resolved_workers": 1,
      "parallel": false
    },
    "models": {
      "SFace": {
        "enabled": true,
        "ok": true,
        "verified": true,
        "distance": 0.047826,
        "threshold": 0.593,
        "match_percent": 95.96745362563239,
        "elapsed_seconds": 0.05884055979549885
      },
      "OpenFace": {
        "enabled": true,
        "ok": true,
        "verified": true,
        "distance": 0.03243,
        "threshold": 0.1,
        "match_percent": 83.785,
        "elapsed_seconds": 0.2840218134224415
      },
      "Facenet": {
        "enabled": true,
        "ok": true,
        "verified": true,
        "distance": 0.031044,
        "threshold": 0.4,
        "match_percent": 96.1195,
        "elapsed_seconds": 0.6756207142025232
      },
      "Facenet512": {
        "enabled": true,
        "ok": true,
        "verified": true,
        "distance": 0.034708,
        "threshold": 0.3,
        "match_percent": 94.21533333333333,
        "elapsed_seconds": 0.7112122047692537
      }
    },
    "summary": {
      "successful_models": 4,
      "mean_match_percent": 92.52182173974143,
      "min_match_percent": 83.785,
      "max_match_percent": 96.1195
    }
  },
  "alpha_post_report": {
    "image_a": "/home/interns/Desktop/work/fresh/output/loss_run_20260611_115708/original_diffused.png",
    "image_b": "/home/interns/Desktop/work/fresh/output/loss_run_20260611_115708/iterations/iter_000084/perturbed_diffused.png",
    "detector_backend": "skip",
    "distance_metric": "cosine",
    "execution": {
      "allow_parallel": false,
      "requested_workers": "auto",
      "enabled_models": 4,
      "cpu_count": 40,
      "total_memory_gb": 251.37,
      "available_memory_gb": 219.07,
      "resolved_workers": 1,
      "parallel": false
    },
    "models": {
      "SFace": {
        "enabled": true,
        "ok": true,
        "verified": true,
        "distance": 0.062791,
        "threshold": 0.593,
        "match_percent": 94.70564924114672,
        "elapsed_seconds": 0.05763055942952633
      },
      "OpenFace": {
        "enabled": true,
        "ok": true,
        "verified": true,
        "distance": 0.061294,
        "threshold": 0.1,
        "match_percent": 69.353,
        "elapsed_seconds": 0.266860144212842
      },
      "Facenet": {
        "enabled": true,
        "ok": true,
        "verified": true,
        "distance": 0.024723,
        "threshold": 0.4,
        "match_percent": 96.909625,
        "elapsed_seconds": 0.6844393871724606
      },
      "Facenet512": {
        "enabled": true,
        "ok": true,
        "verified": true,
        "distance": 0.019183,
        "threshold": 0.3,
        "match_percent": 96.80283333333334,
        "elapsed_seconds": 0.6887167766690254
      }
    },
    "summary": {
      "successful_models": 4,
      "mean_match_percent": 89.44277689362002,
      "min_match_percent": 69.353,
      "max_match_percent": 96.909625
    }
  },
  "perturbations": [
    {
      "method": "homography",
      "enabled": false,
      "strength": 0.04,
      "seed": 126
    },
    {
      "method": "thin-plate-spline",
      "enabled": true,
      "strength": 0.0,
      "seed": 127,
      "grid": 5
    },
    {
      "method": "delaunay",
      "enabled": true,
      "strength": 0.0006856591435385355,
      "seed": 128,
      "grid": 12
    },
    {
      "method": "fft-phase",
      "enabled": true,
      "strength": 10000.0,
      "seed": 129,
      "coefficients": 15
    },
    {
      "method": "elastic",
      "enabled": true,
      "strength": 0.011314340856461465,
      "seed": 130,
      "sigma": 18.0
    },
    {
      "method": "rolling-shutter",
      "enabled": true,
      "strength": 0.0006856591435385355,
      "seed": 131,
      "rolling_frequency": 0.5,
      "rolling_phase": 0.0,
      "rolling_shear": 0.06,
      "rolling_acceleration": 0.026571704282307325
    }
  ],
  "diffusion": {
    "cpu": false,
    "device": "auto",
    "gpu_index": 0,
    "selected_model": "flux2_klein",
    "selected_model_id": "black-forest-labs/FLUX.2-klein-4B",
    "model_id": "black-forest-labs/FLUX.2-klein-4B",
    "num_inference_steps": 10,
    "guidance_scale": 1.0,
    "image_guidance_scale": 1.0,
    "max_size": 1024,
    "seed": 42,
    "instruct_pix2pix": {
      "enabled": false,
      "model_id": "timbrooks/instruct-pix2pix",
      "num_inference_steps": 20,
      "guidance_scale": 7.5,
      "image_guidance_scale": 1.0,
      "max_size": 768,
      "seed": 42
    },
    "flux2_klein": {
      "enabled": true,
      "model_id": "black-forest-labs/FLUX.2-klein-4B",
      "num_inference_steps": 10,
      "guidance_scale": 1.0,
      "max_size": 1024,
      "height": null,
      "width": null,
      "max_sequence_length": 512,
      "text_encoder_out_layers": [
        9,
        18,
        27
      ],
      "torch_dtype": "bfloat16",
      "cpu_offload": false,
      "sigmas": null,
      "seed": 42
    },
    "used_model": "flux2_klein",
    "used_model_id": "black-forest-labs/FLUX.2-klein-4B",
    "resolved_device": "cuda:0"
  },
  "deepface_models": {
    "SFace": true,
    "OpenFace": true,
    "Facenet": true,
    "Facenet512": true
  },
  "outputs": {
    "perturbed": "/home/interns/Desktop/work/fresh/output/loss_run_20260611_115708/iterations/iter_000084/perturbed.png",
    "perturbed_diffused": "/home/interns/Desktop/work/fresh/output/loss_run_20260611_115708/iterations/iter_000084/perturbed_diffused.png",
    "metrics": "/home/interns/Desktop/work/fresh/output/loss_run_20260611_115708/iterations/iter_000084/metrics.json"
  },
  "elapsed_seconds": 5.970595560967922
}