{
  "iteration": 110,
  "label": "restart_0_spsa_37_plus",
  "loss": 156.98205768804542,
  "loss_components": {
    "alpha_post_objective": 83.15363757729062,
    "alpha_pre_penalty": 0.6218581716547896,
    "psnr_penalty": 72.96930222560786,
    "ssim_penalty": 0.18983344957904877,
    "lpips_penalty": 0.0,
    "parameter_regularization_penalty": 0.04742626391308037
  },
  "metric_summary": {
    "alpha_pre": 89.64733637225969,
    "alpha_post": 83.15363757729062,
    "beta": {
      "psnr": 21.959747429717535,
      "ssim": 0.7928602387932928,
      "lpips": 0.12308794260025024
    }
  },
  "parameters": {
    "thin-plate-spline": {
      "strength": 0.006,
      "grid": 9
    },
    "delaunay": {
      "strength": 0.01133337306254225,
      "grid": 12
    },
    "fft-phase": {
      "strength": 555.522447881458,
      "coefficients": 5
    },
    "elastic": {
      "strength": 0.01133337306254225,
      "sigma": 17.33337306254225
    },
    "rolling-shutter": {
      "strength": 0.0006666269374577496,
      "rolling_frequency": 2.8611193880296355,
      "rolling_shear": 0.0,
      "rolling_acceleration": 0.02666686531271125
    }
  },
  "normalized_parameters": [
    1.0,
    0.9444477552118542,
    0.9444477552118542,
    0.9444477552118542,
    0.0555522447881458,
    0.0555522447881458,
    0.9444477552118542,
    0.9444477552118542,
    0.0555522447881458,
    0.9444477552118542,
    0.0,
    0.9444477552118542
  ],
  "metrics": {
    "alpha_pre": 89.64733637225969,
    "alpha_post": 83.15363757729062,
    "psnr": 21.959747429717535,
    "ssim": 0.7928602387932928,
    "lpips": 0.12308794260025024
  },
  "alpha_pre_report": {
    "image_a": "/home/interns/Desktop/work/fresh/output/loss_run_20260611_115708/original.png",
    "image_b": "/home/interns/Desktop/work/fresh/output/loss_run_20260611_115708/iterations/iter_000110/perturbed.png",
    "detector_backend": "skip",
    "distance_metric": "cosine",
    "execution": {
      "allow_parallel": false,
      "requested_workers": "auto",
      "enabled_models": 4,
      "cpu_count": 40,
      "total_memory_gb": 251.37,
      "available_memory_gb": 219.43,
      "resolved_workers": 1,
      "parallel": false
    },
    "models": {
      "SFace": {
        "enabled": true,
        "ok": true,
        "verified": true,
        "distance": 0.107956,
        "threshold": 0.593,
        "match_percent": 90.8974704890388,
        "elapsed_seconds": 0.05809693597257137
      },
      "OpenFace": {
        "enabled": true,
        "ok": true,
        "verified": true,
        "distance": 0.035175,
        "threshold": 0.1,
        "match_percent": 82.4125,
        "elapsed_seconds": 0.3145971763879061
      },
      "Facenet": {
        "enabled": true,
        "ok": true,
        "verified": true,
        "distance": 0.042829,
        "threshold": 0.4,
        "match_percent": 94.646375,
        "elapsed_seconds": 0.7236513011157513
      },
      "Facenet512": {
        "enabled": true,
        "ok": true,
        "verified": true,
        "distance": 0.056202,
        "threshold": 0.3,
        "match_percent": 90.633,
        "elapsed_seconds": 0.7270153667777777
      }
    },
    "summary": {
      "successful_models": 4,
      "mean_match_percent": 89.64733637225969,
      "min_match_percent": 82.4125,
      "max_match_percent": 94.646375
    }
  },
  "alpha_post_report": {
    "image_a": "/home/interns/Desktop/work/fresh/output/loss_run_20260611_115708/original_diffused.png",
    "image_b": "/home/interns/Desktop/work/fresh/output/loss_run_20260611_115708/iterations/iter_000110/perturbed_diffused.png",
    "detector_backend": "skip",
    "distance_metric": "cosine",
    "execution": {
      "allow_parallel": false,
      "requested_workers": "auto",
      "enabled_models": 4,
      "cpu_count": 40,
      "total_memory_gb": 251.37,
      "available_memory_gb": 219.25,
      "resolved_workers": 1,
      "parallel": false
    },
    "models": {
      "SFace": {
        "enabled": true,
        "ok": true,
        "verified": true,
        "distance": 0.082037,
        "threshold": 0.593,
        "match_percent": 93.08288364249579,
        "elapsed_seconds": 0.06216253526508808
      },
      "OpenFace": {
        "enabled": true,
        "ok": true,
        "verified": true,
        "distance": 0.078803,
        "threshold": 0.1,
        "match_percent": 60.5985,
        "elapsed_seconds": 0.2829371616244316
      },
      "Facenet": {
        "enabled": true,
        "ok": true,
        "verified": true,
        "distance": 0.086224,
        "threshold": 0.4,
        "match_percent": 89.22200000000001,
        "elapsed_seconds": 0.7535437010228634
      },
      "Facenet512": {
        "enabled": true,
        "ok": true,
        "verified": true,
        "distance": 0.061733,
        "threshold": 0.3,
        "match_percent": 89.71116666666667,
        "elapsed_seconds": 0.7020269315689802
      }
    },
    "summary": {
      "successful_models": 4,
      "mean_match_percent": 83.15363757729062,
      "min_match_percent": 60.5985,
      "max_match_percent": 93.08288364249579
    }
  },
  "perturbations": [
    {
      "method": "homography",
      "enabled": false,
      "strength": 0.04,
      "seed": 152
    },
    {
      "method": "thin-plate-spline",
      "enabled": true,
      "strength": 0.006,
      "seed": 153,
      "grid": 9
    },
    {
      "method": "delaunay",
      "enabled": true,
      "strength": 0.01133337306254225,
      "seed": 154,
      "grid": 12
    },
    {
      "method": "fft-phase",
      "enabled": true,
      "strength": 555.522447881458,
      "seed": 155,
      "coefficients": 5
    },
    {
      "method": "elastic",
      "enabled": true,
      "strength": 0.01133337306254225,
      "seed": 156,
      "sigma": 17.33337306254225
    },
    {
      "method": "rolling-shutter",
      "enabled": true,
      "strength": 0.0006666269374577496,
      "seed": 157,
      "rolling_frequency": 2.8611193880296355,
      "rolling_phase": 0.0,
      "rolling_shear": 0.0,
      "rolling_acceleration": 0.02666686531271125
    }
  ],
  "diffusion": {
    "cpu": false,
    "device": "auto",
    "gpu_index": 0,
    "selected_model": "flux2_klein",
    "selected_model_id": "black-forest-labs/FLUX.2-klein-4B",
    "model_id": "black-forest-labs/FLUX.2-klein-4B",
    "num_inference_steps": 10,
    "guidance_scale": 1.0,
    "image_guidance_scale": 1.0,
    "max_size": 1024,
    "seed": 42,
    "instruct_pix2pix": {
      "enabled": false,
      "model_id": "timbrooks/instruct-pix2pix",
      "num_inference_steps": 20,
      "guidance_scale": 7.5,
      "image_guidance_scale": 1.0,
      "max_size": 768,
      "seed": 42
    },
    "flux2_klein": {
      "enabled": true,
      "model_id": "black-forest-labs/FLUX.2-klein-4B",
      "num_inference_steps": 10,
      "guidance_scale": 1.0,
      "max_size": 1024,
      "height": null,
      "width": null,
      "max_sequence_length": 512,
      "text_encoder_out_layers": [
        9,
        18,
        27
      ],
      "torch_dtype": "bfloat16",
      "cpu_offload": false,
      "sigmas": null,
      "seed": 42
    },
    "used_model": "flux2_klein",
    "used_model_id": "black-forest-labs/FLUX.2-klein-4B",
    "resolved_device": "cuda:0"
  },
  "deepface_models": {
    "SFace": true,
    "OpenFace": true,
    "Facenet": true,
    "Facenet512": true
  },
  "outputs": {
    "perturbed": "/home/interns/Desktop/work/fresh/output/loss_run_20260611_115708/iterations/iter_000110/perturbed.png",
    "perturbed_diffused": "/home/interns/Desktop/work/fresh/output/loss_run_20260611_115708/iterations/iter_000110/perturbed_diffused.png",
    "metrics": "/home/interns/Desktop/work/fresh/output/loss_run_20260611_115708/iterations/iter_000110/metrics.json"
  },
  "elapsed_seconds": 9.74208433367312
}