{
  "iteration": 77,
  "label": "restart_0_spsa_26_plus",
  "loss": 98.20684193146346,
  "loss_components": {
    "alpha_post_objective": 98.16331589024732,
    "alpha_pre_penalty": 0.0,
    "psnr_penalty": 0.0,
    "ssim_penalty": 0.0,
    "lpips_penalty": 0.0,
    "parameter_regularization_penalty": 0.04352604121614166
  },
  "metric_summary": {
    "alpha_pre": 97.4051593767566,
    "alpha_post": 98.16331589024732,
    "beta": {
      "psnr": 37.688713771608946,
      "ssim": 0.9790883990217236,
      "lpips": 0.09208857268095016
    }
  },
  "parameters": {
    "thin-plate-spline": {
      "strength": 0.0,
      "grid": 9
    },
    "delaunay": {
      "strength": 0.0,
      "grid": 11
    },
    "fft-phase": {
      "strength": 575.675409871578,
      "coefficients": 12
    },
    "elastic": {
      "strength": 0.0022399777906124663,
      "sigma": 6.690810491845894
    },
    "rolling-shutter": {
      "strength": 0.0,
      "rolling_frequency": 2.8560811475321057,
      "rolling_shear": 0.04880011104693766,
      "rolling_acceleration": 0.03
    }
  },
  "normalized_parameters": [
    0.0,
    1.0,
    0.0,
    0.8133351841156278,
    0.05756754098715781,
    0.6982001021413122,
    0.1866648158843722,
    0.05756754098715781,
    0.0,
    0.9424324590128422,
    0.8133351841156278,
    1.0
  ],
  "metrics": {
    "alpha_pre": 97.4051593767566,
    "alpha_post": 98.16331589024732,
    "psnr": 37.688713771608946,
    "ssim": 0.9790883990217236,
    "lpips": 0.09208857268095016
  },
  "alpha_pre_report": {
    "image_a": "/home/interns/Desktop/work/fresh/output/loss_run_20260611_115708/original.png",
    "image_b": "/home/interns/Desktop/work/fresh/output/loss_run_20260611_115708/iterations/iter_000077/perturbed.png",
    "detector_backend": "skip",
    "distance_metric": "cosine",
    "execution": {
      "allow_parallel": false,
      "requested_workers": "auto",
      "enabled_models": 4,
      "cpu_count": 40,
      "total_memory_gb": 251.37,
      "available_memory_gb": 219.21,
      "resolved_workers": 1,
      "parallel": false
    },
    "models": {
      "SFace": {
        "enabled": true,
        "ok": true,
        "verified": true,
        "distance": 0.023792,
        "threshold": 0.593,
        "match_percent": 97.99392917369309,
        "elapsed_seconds": 0.07185318693518639
      },
      "OpenFace": {
        "enabled": true,
        "ok": true,
        "verified": true,
        "distance": 0.011687,
        "threshold": 0.1,
        "match_percent": 94.1565,
        "elapsed_seconds": 0.25874424912035465
      },
      "Facenet": {
        "enabled": true,
        "ok": true,
        "verified": true,
        "distance": 0.006749,
        "threshold": 0.4,
        "match_percent": 99.156375,
        "elapsed_seconds": 0.6364452484995127
      },
      "Facenet512": {
        "enabled": true,
        "ok": true,
        "verified": true,
        "distance": 0.010117,
        "threshold": 0.3,
        "match_percent": 98.31383333333333,
        "elapsed_seconds": 0.6245951727032661
      }
    },
    "summary": {
      "successful_models": 4,
      "mean_match_percent": 97.4051593767566,
      "min_match_percent": 94.1565,
      "max_match_percent": 99.156375
    }
  },
  "alpha_post_report": {
    "image_a": "/home/interns/Desktop/work/fresh/output/loss_run_20260611_115708/original_diffused.png",
    "image_b": "/home/interns/Desktop/work/fresh/output/loss_run_20260611_115708/iterations/iter_000077/perturbed_diffused.png",
    "detector_backend": "skip",
    "distance_metric": "cosine",
    "execution": {
      "allow_parallel": false,
      "requested_workers": "auto",
      "enabled_models": 4,
      "cpu_count": 40,
      "total_memory_gb": 251.37,
      "available_memory_gb": 219.21,
      "resolved_workers": 1,
      "parallel": false
    },
    "models": {
      "SFace": {
        "enabled": true,
        "ok": true,
        "verified": true,
        "distance": 0.025104,
        "threshold": 0.593,
        "match_percent": 97.88330522765598,
        "elapsed_seconds": 0.057013384997844696
      },
      "OpenFace": {
        "enabled": true,
        "ok": true,
        "verified": true,
        "distance": 0.007681,
        "threshold": 0.1,
        "match_percent": 96.1595,
        "elapsed_seconds": 0.2734901625663042
      },
      "Facenet": {
        "enabled": true,
        "ok": true,
        "verified": true,
        "distance": 0.002623,
        "threshold": 0.4,
        "match_percent": 99.672125,
        "elapsed_seconds": 0.6570728644728661
      },
      "Facenet512": {
        "enabled": true,
        "ok": true,
        "verified": true,
        "distance": 0.00637,
        "threshold": 0.3,
        "match_percent": 98.93833333333333,
        "elapsed_seconds": 0.6674176175147295
      }
    },
    "summary": {
      "successful_models": 4,
      "mean_match_percent": 98.16331589024732,
      "min_match_percent": 96.1595,
      "max_match_percent": 99.672125
    }
  },
  "perturbations": [
    {
      "method": "homography",
      "enabled": false,
      "strength": 0.04,
      "seed": 119
    },
    {
      "method": "thin-plate-spline",
      "enabled": true,
      "strength": 0.0,
      "seed": 120,
      "grid": 9
    },
    {
      "method": "delaunay",
      "enabled": true,
      "strength": 0.0,
      "seed": 121,
      "grid": 11
    },
    {
      "method": "fft-phase",
      "enabled": true,
      "strength": 575.675409871578,
      "seed": 122,
      "coefficients": 12
    },
    {
      "method": "elastic",
      "enabled": true,
      "strength": 0.0022399777906124663,
      "seed": 123,
      "sigma": 6.690810491845894
    },
    {
      "method": "rolling-shutter",
      "enabled": true,
      "strength": 0.0,
      "seed": 124,
      "rolling_frequency": 2.8560811475321057,
      "rolling_phase": 0.0,
      "rolling_shear": 0.04880011104693766,
      "rolling_acceleration": 0.03
    }
  ],
  "diffusion": {
    "cpu": false,
    "device": "auto",
    "gpu_index": 0,
    "selected_model": "flux2_klein",
    "selected_model_id": "black-forest-labs/FLUX.2-klein-4B",
    "model_id": "black-forest-labs/FLUX.2-klein-4B",
    "num_inference_steps": 10,
    "guidance_scale": 1.0,
    "image_guidance_scale": 1.0,
    "max_size": 1024,
    "seed": 42,
    "instruct_pix2pix": {
      "enabled": false,
      "model_id": "timbrooks/instruct-pix2pix",
      "num_inference_steps": 20,
      "guidance_scale": 7.5,
      "image_guidance_scale": 1.0,
      "max_size": 768,
      "seed": 42
    },
    "flux2_klein": {
      "enabled": true,
      "model_id": "black-forest-labs/FLUX.2-klein-4B",
      "num_inference_steps": 10,
      "guidance_scale": 1.0,
      "max_size": 1024,
      "height": null,
      "width": null,
      "max_sequence_length": 512,
      "text_encoder_out_layers": [
        9,
        18,
        27
      ],
      "torch_dtype": "bfloat16",
      "cpu_offload": false,
      "sigmas": null,
      "seed": 42
    },
    "used_model": "flux2_klein",
    "used_model_id": "black-forest-labs/FLUX.2-klein-4B",
    "resolved_device": "cuda:0"
  },
  "deepface_models": {
    "SFace": true,
    "OpenFace": true,
    "Facenet": true,
    "Facenet512": true
  },
  "outputs": {
    "perturbed": "/home/interns/Desktop/work/fresh/output/loss_run_20260611_115708/iterations/iter_000077/perturbed.png",
    "perturbed_diffused": "/home/interns/Desktop/work/fresh/output/loss_run_20260611_115708/iterations/iter_000077/perturbed_diffused.png",
    "metrics": "/home/interns/Desktop/work/fresh/output/loss_run_20260611_115708/iterations/iter_000077/metrics.json"
  },
  "elapsed_seconds": 5.5957013834267855
}