{
  "iteration": 12,
  "label": "restart_0_spsa_4_minus",
  "loss": 159.18215732870627,
  "loss_components": {
    "alpha_post_objective": 91.81140006675099,
    "alpha_pre_penalty": 0.0,
    "psnr_penalty": 67.08128148148322,
    "ssim_penalty": 0.2437572945178772,
    "lpips_penalty": 0.0,
    "parameter_regularization_penalty": 0.04571848595417825
  },
  "metric_summary": {
    "alpha_pre": 90.89912315556492,
    "alpha_post": 91.81140006675099,
    "beta": {
      "psnr": 22.208571787482676,
      "ssim": 0.7812564342313126,
      "lpips": 0.09868482500314713
    }
  },
  "parameters": {
    "thin-plate-spline": {
      "strength": 0.00558271461115679,
      "grid": 9
    },
    "delaunay": {
      "strength": 0.0008345707776864208,
      "grid": 12
    },
    "fft-phase": {
      "strength": 10000.0,
      "coefficients": 4
    },
    "elastic": {
      "strength": 0.0,
      "sigma": 6.83457077768642
    },
    "rolling-shutter": {
      "strength": 0.0008345707776864208,
      "rolling_frequency": 2.8261310879819956,
      "rolling_shear": 0.06,
      "rolling_acceleration": -0.03
    }
  },
  "normalized_parameters": [
    0.9304524351927983,
    0.9304524351927983,
    0.06954756480720173,
    0.9304524351927983,
    1.0,
    0.0,
    0.0,
    0.06954756480720173,
    0.06954756480720173,
    0.9304524351927983,
    1.0,
    0.0
  ],
  "metrics": {
    "alpha_pre": 90.89912315556492,
    "alpha_post": 91.81140006675099,
    "psnr": 22.208571787482676,
    "ssim": 0.7812564342313126,
    "lpips": 0.09868482500314713
  },
  "alpha_pre_report": {
    "image_a": "/home/interns/Desktop/work/fresh/output/loss_run_20260611_115708/original.png",
    "image_b": "/home/interns/Desktop/work/fresh/output/loss_run_20260611_115708/iterations/iter_000012/perturbed.png",
    "detector_backend": "skip",
    "distance_metric": "cosine",
    "execution": {
      "allow_parallel": false,
      "requested_workers": "auto",
      "enabled_models": 4,
      "cpu_count": 40,
      "total_memory_gb": 251.37,
      "available_memory_gb": 217.3,
      "resolved_workers": 1,
      "parallel": false
    },
    "models": {
      "SFace": {
        "enabled": true,
        "ok": true,
        "verified": true,
        "distance": 0.059011,
        "threshold": 0.593,
        "match_percent": 95.0243676222597,
        "elapsed_seconds": 0.06296540424227715
      },
      "OpenFace": {
        "enabled": true,
        "ok": true,
        "verified": true,
        "distance": 0.031172,
        "threshold": 0.1,
        "match_percent": 84.414,
        "elapsed_seconds": 0.32971762493252754
      },
      "Facenet": {
        "enabled": true,
        "ok": true,
        "verified": true,
        "distance": 0.072203,
        "threshold": 0.4,
        "match_percent": 90.974625,
        "elapsed_seconds": 0.8079602289944887
      },
      "Facenet512": {
        "enabled": true,
        "ok": true,
        "verified": true,
        "distance": 0.040899,
        "threshold": 0.3,
        "match_percent": 93.1835,
        "elapsed_seconds": 0.694304833188653
      }
    },
    "summary": {
      "successful_models": 4,
      "mean_match_percent": 90.89912315556492,
      "min_match_percent": 84.414,
      "max_match_percent": 95.0243676222597
    }
  },
  "alpha_post_report": {
    "image_a": "/home/interns/Desktop/work/fresh/output/loss_run_20260611_115708/original_diffused.png",
    "image_b": "/home/interns/Desktop/work/fresh/output/loss_run_20260611_115708/iterations/iter_000012/perturbed_diffused.png",
    "detector_backend": "skip",
    "distance_metric": "cosine",
    "execution": {
      "allow_parallel": false,
      "requested_workers": "auto",
      "enabled_models": 4,
      "cpu_count": 40,
      "total_memory_gb": 251.37,
      "available_memory_gb": 217.06,
      "resolved_workers": 1,
      "parallel": false
    },
    "models": {
      "SFace": {
        "enabled": true,
        "ok": true,
        "verified": true,
        "distance": 0.074489,
        "threshold": 0.593,
        "match_percent": 93.71930860033727,
        "elapsed_seconds": 0.13377447612583637
      },
      "OpenFace": {
        "enabled": true,
        "ok": true,
        "verified": true,
        "distance": 0.042473,
        "threshold": 0.1,
        "match_percent": 78.76350000000001,
        "elapsed_seconds": 0.25516477040946484
      },
      "Facenet": {
        "enabled": true,
        "ok": true,
        "verified": true,
        "distance": 0.027083,
        "threshold": 0.4,
        "match_percent": 96.614625,
        "elapsed_seconds": 0.7543948590755463
      },
      "Facenet512": {
        "enabled": true,
        "ok": true,
        "verified": true,
        "distance": 0.011111,
        "threshold": 0.3,
        "match_percent": 98.14816666666667,
        "elapsed_seconds": 0.683934548869729
      }
    },
    "summary": {
      "successful_models": 4,
      "mean_match_percent": 91.81140006675099,
      "min_match_percent": 78.76350000000001,
      "max_match_percent": 98.14816666666667
    }
  },
  "perturbations": [
    {
      "method": "homography",
      "enabled": false,
      "strength": 0.04,
      "seed": 54
    },
    {
      "method": "thin-plate-spline",
      "enabled": true,
      "strength": 0.00558271461115679,
      "seed": 55,
      "grid": 9
    },
    {
      "method": "delaunay",
      "enabled": true,
      "strength": 0.0008345707776864208,
      "seed": 56,
      "grid": 12
    },
    {
      "method": "fft-phase",
      "enabled": true,
      "strength": 10000.0,
      "seed": 57,
      "coefficients": 4
    },
    {
      "method": "elastic",
      "enabled": true,
      "strength": 0.0,
      "seed": 58,
      "sigma": 6.83457077768642
    },
    {
      "method": "rolling-shutter",
      "enabled": true,
      "strength": 0.0008345707776864208,
      "seed": 59,
      "rolling_frequency": 2.8261310879819956,
      "rolling_phase": 0.0,
      "rolling_shear": 0.06,
      "rolling_acceleration": -0.03
    }
  ],
  "diffusion": {
    "cpu": false,
    "device": "auto",
    "gpu_index": 0,
    "selected_model": "flux2_klein",
    "selected_model_id": "black-forest-labs/FLUX.2-klein-4B",
    "model_id": "black-forest-labs/FLUX.2-klein-4B",
    "num_inference_steps": 10,
    "guidance_scale": 1.0,
    "image_guidance_scale": 1.0,
    "max_size": 1024,
    "seed": 42,
    "instruct_pix2pix": {
      "enabled": false,
      "model_id": "timbrooks/instruct-pix2pix",
      "num_inference_steps": 20,
      "guidance_scale": 7.5,
      "image_guidance_scale": 1.0,
      "max_size": 768,
      "seed": 42
    },
    "flux2_klein": {
      "enabled": true,
      "model_id": "black-forest-labs/FLUX.2-klein-4B",
      "num_inference_steps": 10,
      "guidance_scale": 1.0,
      "max_size": 1024,
      "height": null,
      "width": null,
      "max_sequence_length": 512,
      "text_encoder_out_layers": [
        9,
        18,
        27
      ],
      "torch_dtype": "bfloat16",
      "cpu_offload": false,
      "sigmas": null,
      "seed": 42
    },
    "used_model": "flux2_klein",
    "used_model_id": "black-forest-labs/FLUX.2-klein-4B",
    "resolved_device": "cuda:0"
  },
  "deepface_models": {
    "SFace": true,
    "OpenFace": true,
    "Facenet": true,
    "Facenet512": true
  },
  "outputs": {
    "perturbed": "/home/interns/Desktop/work/fresh/output/loss_run_20260611_115708/iterations/iter_000012/perturbed.png",
    "perturbed_diffused": "/home/interns/Desktop/work/fresh/output/loss_run_20260611_115708/iterations/iter_000012/perturbed_diffused.png",
    "metrics": "/home/interns/Desktop/work/fresh/output/loss_run_20260611_115708/iterations/iter_000012/metrics.json"
  },
  "elapsed_seconds": 8.354356728494167
}