{
  "iteration": 94,
  "label": "restart_0_spsa_31_current",
  "loss": 121.72626406137175,
  "loss_components": {
    "alpha_post_objective": 91.48788900014054,
    "alpha_pre_penalty": 0.0,
    "psnr_penalty": 30.103891708214434,
    "ssim_penalty": 0.10881189527117989,
    "lpips_penalty": 0.0,
    "parameter_regularization_penalty": 0.02567145774560886
  },
  "metric_summary": {
    "alpha_pre": 93.56256028667792,
    "alpha_post": 91.48788900014054,
    "beta": {
      "psnr": 24.12031626880396,
      "ssim": 0.814026703804894,
      "lpips": 0.16079476475715637
    }
  },
  "parameters": {
    "thin-plate-spline": {
      "strength": 0.002137487729800697,
      "grid": 9
    },
    "delaunay": {
      "strength": 0.007725024540398606,
      "grid": 8
    },
    "fft-phase": {
      "strength": 4447.131728858441,
      "coefficients": 15
    },
    "elastic": {
      "strength": 0.0005307913075143681,
      "sigma": 6.530791307514368
    },
    "rolling-shutter": {
      "strength": 0.00533655807463013,
      "rolling_frequency": 1.8882170677853898,
      "rolling_shear": 0.02668279037315065,
      "rolling_acceleration": -0.03
    }
  },
  "normalized_parameters": [
    0.3562479549667828,
    0.9557673910404694,
    0.6437520450332171,
    0.3562479549667828,
    0.44471317288584417,
    0.9557673910404694,
    0.04423260895953068,
    0.04423260895953068,
    0.44471317288584417,
    0.5552868271141559,
    0.44471317288584417,
    0.0
  ],
  "metrics": {
    "alpha_pre": 93.56256028667792,
    "alpha_post": 91.48788900014054,
    "psnr": 24.12031626880396,
    "ssim": 0.814026703804894,
    "lpips": 0.16079476475715637
  },
  "alpha_pre_report": {
    "image_a": "/home/interns/Desktop/work/fresh/output/loss_run_20260611_115708/original.png",
    "image_b": "/home/interns/Desktop/work/fresh/output/loss_run_20260611_115708/iterations/iter_000094/perturbed.png",
    "detector_backend": "skip",
    "distance_metric": "cosine",
    "execution": {
      "allow_parallel": false,
      "requested_workers": "auto",
      "enabled_models": 4,
      "cpu_count": 40,
      "total_memory_gb": 251.37,
      "available_memory_gb": 219.38,
      "resolved_workers": 1,
      "parallel": false
    },
    "models": {
      "SFace": {
        "enabled": true,
        "ok": true,
        "verified": true,
        "distance": 0.068204,
        "threshold": 0.593,
        "match_percent": 94.24924114671164,
        "elapsed_seconds": 0.05648714862763882
      },
      "OpenFace": {
        "enabled": true,
        "ok": true,
        "verified": true,
        "distance": 0.020889,
        "threshold": 0.1,
        "match_percent": 89.5555,
        "elapsed_seconds": 0.26439057290554047
      },
      "Facenet": {
        "enabled": true,
        "ok": true,
        "verified": true,
        "distance": 0.023964,
        "threshold": 0.4,
        "match_percent": 97.00450000000001,
        "elapsed_seconds": 0.6466045267879963
      },
      "Facenet512": {
        "enabled": true,
        "ok": true,
        "verified": true,
        "distance": 0.039354,
        "threshold": 0.3,
        "match_percent": 93.441,
        "elapsed_seconds": 0.6499609537422657
      }
    },
    "summary": {
      "successful_models": 4,
      "mean_match_percent": 93.56256028667792,
      "min_match_percent": 89.5555,
      "max_match_percent": 97.00450000000001
    }
  },
  "alpha_post_report": {
    "image_a": "/home/interns/Desktop/work/fresh/output/loss_run_20260611_115708/original_diffused.png",
    "image_b": "/home/interns/Desktop/work/fresh/output/loss_run_20260611_115708/iterations/iter_000094/perturbed_diffused.png",
    "detector_backend": "skip",
    "distance_metric": "cosine",
    "execution": {
      "allow_parallel": false,
      "requested_workers": "auto",
      "enabled_models": 4,
      "cpu_count": 40,
      "total_memory_gb": 251.37,
      "available_memory_gb": 219.35,
      "resolved_workers": 1,
      "parallel": false
    },
    "models": {
      "SFace": {
        "enabled": true,
        "ok": true,
        "verified": true,
        "distance": 0.076313,
        "threshold": 0.593,
        "match_percent": 93.56551433389545,
        "elapsed_seconds": 0.0766574889421463
      },
      "OpenFace": {
        "enabled": true,
        "ok": true,
        "verified": true,
        "distance": 0.031736,
        "threshold": 0.1,
        "match_percent": 84.132,
        "elapsed_seconds": 0.2896376233547926
      },
      "Facenet": {
        "enabled": true,
        "ok": true,
        "verified": true,
        "distance": 0.076865,
        "threshold": 0.4,
        "match_percent": 90.391875,
        "elapsed_seconds": 0.7305514886975288
      },
      "Facenet512": {
        "enabled": true,
        "ok": true,
        "verified": true,
        "distance": 0.012827,
        "threshold": 0.3,
        "match_percent": 97.86216666666667,
        "elapsed_seconds": 0.7139845974743366
      }
    },
    "summary": {
      "successful_models": 4,
      "mean_match_percent": 91.48788900014054,
      "min_match_percent": 84.132,
      "max_match_percent": 97.86216666666667
    }
  },
  "perturbations": [
    {
      "method": "homography",
      "enabled": false,
      "strength": 0.04,
      "seed": 136
    },
    {
      "method": "thin-plate-spline",
      "enabled": true,
      "strength": 0.002137487729800697,
      "seed": 137,
      "grid": 9
    },
    {
      "method": "delaunay",
      "enabled": true,
      "strength": 0.007725024540398606,
      "seed": 138,
      "grid": 8
    },
    {
      "method": "fft-phase",
      "enabled": true,
      "strength": 4447.131728858441,
      "seed": 139,
      "coefficients": 15
    },
    {
      "method": "elastic",
      "enabled": true,
      "strength": 0.0005307913075143681,
      "seed": 140,
      "sigma": 6.530791307514368
    },
    {
      "method": "rolling-shutter",
      "enabled": true,
      "strength": 0.00533655807463013,
      "seed": 141,
      "rolling_frequency": 1.8882170677853898,
      "rolling_phase": 0.0,
      "rolling_shear": 0.02668279037315065,
      "rolling_acceleration": -0.03
    }
  ],
  "diffusion": {
    "cpu": false,
    "device": "auto",
    "gpu_index": 0,
    "selected_model": "flux2_klein",
    "selected_model_id": "black-forest-labs/FLUX.2-klein-4B",
    "model_id": "black-forest-labs/FLUX.2-klein-4B",
    "num_inference_steps": 10,
    "guidance_scale": 1.0,
    "image_guidance_scale": 1.0,
    "max_size": 1024,
    "seed": 42,
    "instruct_pix2pix": {
      "enabled": false,
      "model_id": "timbrooks/instruct-pix2pix",
      "num_inference_steps": 20,
      "guidance_scale": 7.5,
      "image_guidance_scale": 1.0,
      "max_size": 768,
      "seed": 42
    },
    "flux2_klein": {
      "enabled": true,
      "model_id": "black-forest-labs/FLUX.2-klein-4B",
      "num_inference_steps": 10,
      "guidance_scale": 1.0,
      "max_size": 1024,
      "height": null,
      "width": null,
      "max_sequence_length": 512,
      "text_encoder_out_layers": [
        9,
        18,
        27
      ],
      "torch_dtype": "bfloat16",
      "cpu_offload": false,
      "sigmas": null,
      "seed": 42
    },
    "used_model": "flux2_klein",
    "used_model_id": "black-forest-labs/FLUX.2-klein-4B",
    "resolved_device": "cuda:0"
  },
  "deepface_models": {
    "SFace": true,
    "OpenFace": true,
    "Facenet": true,
    "Facenet512": true
  },
  "outputs": {
    "perturbed": "/home/interns/Desktop/work/fresh/output/loss_run_20260611_115708/iterations/iter_000094/perturbed.png",
    "perturbed_diffused": "/home/interns/Desktop/work/fresh/output/loss_run_20260611_115708/iterations/iter_000094/perturbed_diffused.png",
    "metrics": "/home/interns/Desktop/work/fresh/output/loss_run_20260611_115708/iterations/iter_000094/metrics.json"
  },
  "elapsed_seconds": 9.74962766841054
}