{
  "iteration": 69,
  "label": "restart_0_spsa_23_minus",
  "loss": 166.64570562744947,
  "loss_components": {
    "alpha_post_objective": 90.980121363828,
    "alpha_pre_penalty": 0.0,
    "psnr_penalty": 75.38047770272394,
    "ssim_penalty": 0.24529256784760123,
    "lpips_penalty": 0.0,
    "parameter_regularization_penalty": 0.03981399304994598
  },
  "metric_summary": {
    "alpha_pre": 91.69254342327152,
    "alpha_post": 90.980121363828,
    "beta": {
      "psnr": 21.860762355848898,
      "ssim": 0.7809459606381242,
      "lpips": 0.12095196545124054
    }
  },
  "parameters": {
    "thin-plate-spline": {
      "strength": 0.005650291067140801,
      "grid": 9
    },
    "delaunay": {
      "strength": 0.0006994178657183996,
      "grid": 12
    },
    "fft-phase": {
      "strength": 0.0,
      "coefficients": 15
    },
    "elastic": {
      "strength": 0.012,
      "sigma": 6.6994178657184
    },
    "rolling-shutter": {
      "strength": 0.0006994178657183996,
      "rolling_frequency": 2.854287944642,
      "rolling_shear": 0.06,
      "rolling_acceleration": -0.026502910671408
    }
  },
  "normalized_parameters": [
    0.9417151778568,
    0.9417151778568,
    0.058284822143199966,
    1.0,
    0.0,
    0.9417151778568,
    1.0,
    0.058284822143199966,
    0.058284822143199966,
    0.9417151778568,
    1.0,
    0.058284822143199966
  ],
  "metrics": {
    "alpha_pre": 91.69254342327152,
    "alpha_post": 90.980121363828,
    "psnr": 21.860762355848898,
    "ssim": 0.7809459606381242,
    "lpips": 0.12095196545124054
  },
  "alpha_pre_report": {
    "image_a": "/home/interns/Desktop/work/fresh/output/loss_run_20260611_115653/original.png",
    "image_b": "/home/interns/Desktop/work/fresh/output/loss_run_20260611_115653/iterations/iter_000069/perturbed.png",
    "detector_backend": "skip",
    "distance_metric": "cosine",
    "execution": {
      "allow_parallel": false,
      "requested_workers": "auto",
      "enabled_models": 4,
      "cpu_count": 40,
      "total_memory_gb": 251.37,
      "available_memory_gb": 217.3,
      "resolved_workers": 1,
      "parallel": false
    },
    "models": {
      "SFace": {
        "enabled": true,
        "ok": true,
        "verified": true,
        "distance": 0.069628,
        "threshold": 0.593,
        "match_percent": 94.129173693086,
        "elapsed_seconds": 0.058257825672626495
      },
      "OpenFace": {
        "enabled": true,
        "ok": true,
        "verified": true,
        "distance": 0.026998,
        "threshold": 0.1,
        "match_percent": 86.501,
        "elapsed_seconds": 0.28829536959528923
      },
      "Facenet": {
        "enabled": true,
        "ok": true,
        "verified": true,
        "distance": 0.058604,
        "threshold": 0.4,
        "match_percent": 92.67450000000001,
        "elapsed_seconds": 0.7259254548698664
      },
      "Facenet512": {
        "enabled": true,
        "ok": true,
        "verified": true,
        "distance": 0.039207,
        "threshold": 0.3,
        "match_percent": 93.4655,
        "elapsed_seconds": 0.760641111060977
      }
    },
    "summary": {
      "successful_models": 4,
      "mean_match_percent": 91.69254342327152,
      "min_match_percent": 86.501,
      "max_match_percent": 94.129173693086
    }
  },
  "alpha_post_report": {
    "image_a": "/home/interns/Desktop/work/fresh/output/loss_run_20260611_115653/original_diffused.png",
    "image_b": "/home/interns/Desktop/work/fresh/output/loss_run_20260611_115653/iterations/iter_000069/perturbed_diffused.png",
    "detector_backend": "skip",
    "distance_metric": "cosine",
    "execution": {
      "allow_parallel": false,
      "requested_workers": "auto",
      "enabled_models": 4,
      "cpu_count": 40,
      "total_memory_gb": 251.37,
      "available_memory_gb": 217.33,
      "resolved_workers": 1,
      "parallel": false
    },
    "models": {
      "SFace": {
        "enabled": true,
        "ok": true,
        "verified": true,
        "distance": 0.054952,
        "threshold": 0.593,
        "match_percent": 95.36661045531197,
        "elapsed_seconds": 0.06650980561971664
      },
      "OpenFace": {
        "enabled": true,
        "ok": true,
        "verified": true,
        "distance": 0.044719,
        "threshold": 0.1,
        "match_percent": 77.6405,
        "elapsed_seconds": 0.29740830324590206
      },
      "Facenet": {
        "enabled": true,
        "ok": true,
        "verified": true,
        "distance": 0.027181,
        "threshold": 0.4,
        "match_percent": 96.602375,
        "elapsed_seconds": 0.7571852337568998
      },
      "Facenet512": {
        "enabled": true,
        "ok": true,
        "verified": true,
        "distance": 0.034134,
        "threshold": 0.3,
        "match_percent": 94.311,
        "elapsed_seconds": 0.7361559588462114
      }
    },
    "summary": {
      "successful_models": 4,
      "mean_match_percent": 90.980121363828,
      "min_match_percent": 77.6405,
      "max_match_percent": 96.602375
    }
  },
  "perturbations": [
    {
      "method": "homography",
      "enabled": false,
      "strength": 0.04,
      "seed": 111
    },
    {
      "method": "thin-plate-spline",
      "enabled": true,
      "strength": 0.005650291067140801,
      "seed": 112,
      "grid": 9
    },
    {
      "method": "delaunay",
      "enabled": true,
      "strength": 0.0006994178657183996,
      "seed": 113,
      "grid": 12
    },
    {
      "method": "fft-phase",
      "enabled": true,
      "strength": 0.0,
      "seed": 114,
      "coefficients": 15
    },
    {
      "method": "elastic",
      "enabled": true,
      "strength": 0.012,
      "seed": 115,
      "sigma": 6.6994178657184
    },
    {
      "method": "rolling-shutter",
      "enabled": true,
      "strength": 0.0006994178657183996,
      "seed": 116,
      "rolling_frequency": 2.854287944642,
      "rolling_phase": 0.0,
      "rolling_shear": 0.06,
      "rolling_acceleration": -0.026502910671408
    }
  ],
  "diffusion": {
    "cpu": false,
    "device": "auto",
    "gpu_index": 0,
    "selected_model": "flux2_klein",
    "selected_model_id": "black-forest-labs/FLUX.2-klein-4B",
    "model_id": "black-forest-labs/FLUX.2-klein-4B",
    "num_inference_steps": 10,
    "guidance_scale": 1.0,
    "image_guidance_scale": 1.0,
    "max_size": 1024,
    "seed": 42,
    "instruct_pix2pix": {
      "enabled": false,
      "model_id": "timbrooks/instruct-pix2pix",
      "num_inference_steps": 20,
      "guidance_scale": 7.5,
      "image_guidance_scale": 1.0,
      "max_size": 768,
      "seed": 42
    },
    "flux2_klein": {
      "enabled": true,
      "model_id": "black-forest-labs/FLUX.2-klein-4B",
      "num_inference_steps": 10,
      "guidance_scale": 1.0,
      "max_size": 1024,
      "height": null,
      "width": null,
      "max_sequence_length": 512,
      "text_encoder_out_layers": [
        9,
        18,
        27
      ],
      "torch_dtype": "bfloat16",
      "cpu_offload": false,
      "sigmas": null,
      "seed": 42
    },
    "used_model": "flux2_klein",
    "used_model_id": "black-forest-labs/FLUX.2-klein-4B",
    "resolved_device": "cuda:0"
  },
  "deepface_models": {
    "SFace": true,
    "OpenFace": true,
    "Facenet": true,
    "Facenet512": true
  },
  "outputs": {
    "perturbed": "/home/interns/Desktop/work/fresh/output/loss_run_20260611_115653/iterations/iter_000069/perturbed.png",
    "perturbed_diffused": "/home/interns/Desktop/work/fresh/output/loss_run_20260611_115653/iterations/iter_000069/perturbed_diffused.png",
    "metrics": "/home/interns/Desktop/work/fresh/output/loss_run_20260611_115653/iterations/iter_000069/metrics.json"
  },
  "elapsed_seconds": 10.019097723066807
}