{
  "iteration": 75,
  "label": "restart_0_spsa_25_minus",
  "loss": 96.40907010641837,
  "loss_components": {
    "alpha_post_objective": 96.29930169688029,
    "alpha_pre_penalty": 0.0,
    "psnr_penalty": 0.07173295624345352,
    "ssim_penalty": 0.00015724410053876873,
    "lpips_penalty": 0.0,
    "parameter_regularization_penalty": 0.037878209194084876
  },
  "metric_summary": {
    "alpha_pre": 93.50860007377742,
    "alpha_post": 96.29930169688029,
    "beta": {
      "psnr": 27.810615528298314,
      "ssim": 0.8774920598050291,
      "lpips": 0.04097023606300354
    }
  },
  "parameters": {
    "thin-plate-spline": {
      "strength": 0.0,
      "grid": 9
    },
    "delaunay": {
      "strength": 0.0,
      "grid": 6
    },
    "fft-phase": {
      "strength": 0.0,
      "coefficients": 5
    },
    "elastic": {
      "strength": 0.011306447578853716,
      "sigma": 6.0
    },
    "rolling-shutter": {
      "strength": 0.0,
      "rolling_frequency": 3.0,
      "rolling_shear": 0.0034677621057314176,
      "rolling_acceleration": 0.03
    }
  },
  "normalized_parameters": [
    0.0,
    1.0,
    0.0,
    0.057796035095523626,
    0.0,
    0.057796035095523626,
    0.9422039649044763,
    0.0,
    0.0,
    1.0,
    0.057796035095523626,
    1.0
  ],
  "metrics": {
    "alpha_pre": 93.50860007377742,
    "alpha_post": 96.29930169688029,
    "psnr": 27.810615528298314,
    "ssim": 0.8774920598050291,
    "lpips": 0.04097023606300354
  },
  "alpha_pre_report": {
    "image_a": "/home/interns/Desktop/work/fresh/output/loss_run_20260611_115653/original.png",
    "image_b": "/home/interns/Desktop/work/fresh/output/loss_run_20260611_115653/iterations/iter_000075/perturbed.png",
    "detector_backend": "skip",
    "distance_metric": "cosine",
    "execution": {
      "allow_parallel": false,
      "requested_workers": "auto",
      "enabled_models": 4,
      "cpu_count": 40,
      "total_memory_gb": 251.37,
      "available_memory_gb": 217.57,
      "resolved_workers": 1,
      "parallel": false
    },
    "models": {
      "SFace": {
        "enabled": true,
        "ok": true,
        "verified": true,
        "distance": 0.051057,
        "threshold": 0.593,
        "match_percent": 95.69502529510962,
        "elapsed_seconds": 0.05434565059840679
      },
      "OpenFace": {
        "enabled": true,
        "ok": true,
        "verified": true,
        "distance": 0.026585,
        "threshold": 0.1,
        "match_percent": 86.70750000000001,
        "elapsed_seconds": 0.32476335018873215
      },
      "Facenet": {
        "enabled": true,
        "ok": true,
        "verified": true,
        "distance": 0.028589,
        "threshold": 0.4,
        "match_percent": 96.426375,
        "elapsed_seconds": 0.7424763217568398
      },
      "Facenet512": {
        "enabled": true,
        "ok": true,
        "verified": true,
        "distance": 0.028767,
        "threshold": 0.3,
        "match_percent": 95.2055,
        "elapsed_seconds": 0.8191524147987366
      }
    },
    "summary": {
      "successful_models": 4,
      "mean_match_percent": 93.50860007377742,
      "min_match_percent": 86.70750000000001,
      "max_match_percent": 96.426375
    }
  },
  "alpha_post_report": {
    "image_a": "/home/interns/Desktop/work/fresh/output/loss_run_20260611_115653/original_diffused.png",
    "image_b": "/home/interns/Desktop/work/fresh/output/loss_run_20260611_115653/iterations/iter_000075/perturbed_diffused.png",
    "detector_backend": "skip",
    "distance_metric": "cosine",
    "execution": {
      "allow_parallel": false,
      "requested_workers": "auto",
      "enabled_models": 4,
      "cpu_count": 40,
      "total_memory_gb": 251.37,
      "available_memory_gb": 217.67,
      "resolved_workers": 1,
      "parallel": false
    },
    "models": {
      "SFace": {
        "enabled": true,
        "ok": true,
        "verified": true,
        "distance": 0.049983,
        "threshold": 0.593,
        "match_percent": 95.78558178752108,
        "elapsed_seconds": 0.07236381992697716
      },
      "OpenFace": {
        "enabled": true,
        "ok": true,
        "verified": true,
        "distance": 0.008126,
        "threshold": 0.1,
        "match_percent": 95.93700000000001,
        "elapsed_seconds": 0.27473537251353264
      },
      "Facenet": {
        "enabled": true,
        "ok": true,
        "verified": true,
        "distance": 0.022195,
        "threshold": 0.4,
        "match_percent": 97.22562500000001,
        "elapsed_seconds": 0.6924060247838497
      },
      "Facenet512": {
        "enabled": true,
        "ok": true,
        "verified": true,
        "distance": 0.022506,
        "threshold": 0.3,
        "match_percent": 96.249,
        "elapsed_seconds": 0.7895952109247446
      }
    },
    "summary": {
      "successful_models": 4,
      "mean_match_percent": 96.29930169688029,
      "min_match_percent": 95.78558178752108,
      "max_match_percent": 97.22562500000001
    }
  },
  "perturbations": [
    {
      "method": "homography",
      "enabled": false,
      "strength": 0.04,
      "seed": 117
    },
    {
      "method": "thin-plate-spline",
      "enabled": true,
      "strength": 0.0,
      "seed": 118,
      "grid": 9
    },
    {
      "method": "delaunay",
      "enabled": true,
      "strength": 0.0,
      "seed": 119,
      "grid": 6
    },
    {
      "method": "fft-phase",
      "enabled": true,
      "strength": 0.0,
      "seed": 120,
      "coefficients": 5
    },
    {
      "method": "elastic",
      "enabled": true,
      "strength": 0.011306447578853716,
      "seed": 121,
      "sigma": 6.0
    },
    {
      "method": "rolling-shutter",
      "enabled": true,
      "strength": 0.0,
      "seed": 122,
      "rolling_frequency": 3.0,
      "rolling_phase": 0.0,
      "rolling_shear": 0.0034677621057314176,
      "rolling_acceleration": 0.03
    }
  ],
  "diffusion": {
    "cpu": false,
    "device": "auto",
    "gpu_index": 0,
    "selected_model": "flux2_klein",
    "selected_model_id": "black-forest-labs/FLUX.2-klein-4B",
    "model_id": "black-forest-labs/FLUX.2-klein-4B",
    "num_inference_steps": 10,
    "guidance_scale": 1.0,
    "image_guidance_scale": 1.0,
    "max_size": 1024,
    "seed": 42,
    "instruct_pix2pix": {
      "enabled": false,
      "model_id": "timbrooks/instruct-pix2pix",
      "num_inference_steps": 20,
      "guidance_scale": 7.5,
      "image_guidance_scale": 1.0,
      "max_size": 768,
      "seed": 42
    },
    "flux2_klein": {
      "enabled": true,
      "model_id": "black-forest-labs/FLUX.2-klein-4B",
      "num_inference_steps": 10,
      "guidance_scale": 1.0,
      "max_size": 1024,
      "height": null,
      "width": null,
      "max_sequence_length": 512,
      "text_encoder_out_layers": [
        9,
        18,
        27
      ],
      "torch_dtype": "bfloat16",
      "cpu_offload": false,
      "sigmas": null,
      "seed": 42
    },
    "used_model": "flux2_klein",
    "used_model_id": "black-forest-labs/FLUX.2-klein-4B",
    "resolved_device": "cuda:0"
  },
  "deepface_models": {
    "SFace": true,
    "OpenFace": true,
    "Facenet": true,
    "Facenet512": true
  },
  "outputs": {
    "perturbed": "/home/interns/Desktop/work/fresh/output/loss_run_20260611_115653/iterations/iter_000075/perturbed.png",
    "perturbed_diffused": "/home/interns/Desktop/work/fresh/output/loss_run_20260611_115653/iterations/iter_000075/perturbed_diffused.png",
    "metrics": "/home/interns/Desktop/work/fresh/output/loss_run_20260611_115653/iterations/iter_000075/metrics.json"
  },
  "elapsed_seconds": 5.982574209570885
}