{
  "iteration": 98,
  "label": "restart_0_spsa_33_plus",
  "loss": 105.81476530242134,
  "loss_components": {
    "alpha_post_objective": 96.2668167158516,
    "alpha_pre_penalty": 0.0,
    "psnr_penalty": 9.445145203940749,
    "ssim_penalty": 0.06497874229028973,
    "lpips_penalty": 0.0,
    "parameter_regularization_penalty": 0.037824640338688625
  },
  "metric_summary": {
    "alpha_pre": 95.32854268549747,
    "alpha_post": 96.2668167158516,
    "beta": {
      "psnr": 25.82685191439461,
      "ssim": 0.8290181435056393,
      "lpips": 0.17848965525627136
    }
  },
  "parameters": {
    "thin-plate-spline": {
      "strength": 0.005662812606301254,
      "grid": 9
    },
    "delaunay": {
      "strength": 0.0,
      "grid": 12
    },
    "fft-phase": {
      "strength": 561.9789894979115,
      "coefficients": 4
    },
    "elastic": {
      "strength": 0.012,
      "sigma": 17.075227733084294
    },
    "rolling-shutter": {
      "strength": 0.011325625212602507,
      "rolling_frequency": 0.6404947473744779,
      "rolling_shear": 0.0033718739369874686,
      "rolling_acceleration": 0.029465930001824563
    }
  },
  "normalized_parameters": [
    0.9438021010502089,
    0.9438021010502089,
    0.0,
    1.0,
    0.056197898949791145,
    0.0,
    1.0,
    0.9229356444236911,
    0.9438021010502089,
    0.056197898949791145,
    0.056197898949791145,
    0.9910988333637427
  ],
  "metrics": {
    "alpha_pre": 95.32854268549747,
    "alpha_post": 96.2668167158516,
    "psnr": 25.82685191439461,
    "ssim": 0.8290181435056393,
    "lpips": 0.17848965525627136
  },
  "alpha_pre_report": {
    "image_a": "/home/interns/Desktop/work/fresh/output/loss_run_20260611_115708/original.png",
    "image_b": "/home/interns/Desktop/work/fresh/output/loss_run_20260611_115708/iterations/iter_000098/perturbed.png",
    "detector_backend": "skip",
    "distance_metric": "cosine",
    "execution": {
      "allow_parallel": false,
      "requested_workers": "auto",
      "enabled_models": 4,
      "cpu_count": 40,
      "total_memory_gb": 251.37,
      "available_memory_gb": 218.93,
      "resolved_workers": 1,
      "parallel": false
    },
    "models": {
      "SFace": {
        "enabled": true,
        "ok": true,
        "verified": true,
        "distance": 0.069038,
        "threshold": 0.593,
        "match_percent": 94.17892074198988,
        "elapsed_seconds": 0.04922381602227688
      },
      "OpenFace": {
        "enabled": true,
        "ok": true,
        "verified": true,
        "distance": 0.011892,
        "threshold": 0.1,
        "match_percent": 94.054,
        "elapsed_seconds": 0.3067607395350933
      },
      "Facenet": {
        "enabled": true,
        "ok": true,
        "verified": true,
        "distance": 0.034398,
        "threshold": 0.4,
        "match_percent": 95.70025,
        "elapsed_seconds": 0.6713874861598015
      },
      "Facenet512": {
        "enabled": true,
        "ok": true,
        "verified": true,
        "distance": 0.015714,
        "threshold": 0.3,
        "match_percent": 97.381,
        "elapsed_seconds": 0.6836637072265148
      }
    },
    "summary": {
      "successful_models": 4,
      "mean_match_percent": 95.32854268549747,
      "min_match_percent": 94.054,
      "max_match_percent": 97.381
    }
  },
  "alpha_post_report": {
    "image_a": "/home/interns/Desktop/work/fresh/output/loss_run_20260611_115708/original_diffused.png",
    "image_b": "/home/interns/Desktop/work/fresh/output/loss_run_20260611_115708/iterations/iter_000098/perturbed_diffused.png",
    "detector_backend": "skip",
    "distance_metric": "cosine",
    "execution": {
      "allow_parallel": false,
      "requested_workers": "auto",
      "enabled_models": 4,
      "cpu_count": 40,
      "total_memory_gb": 251.37,
      "available_memory_gb": 219.1,
      "resolved_workers": 1,
      "parallel": false
    },
    "models": {
      "SFace": {
        "enabled": true,
        "ok": true,
        "verified": true,
        "distance": 0.029887,
        "threshold": 0.593,
        "match_percent": 97.4800168634064,
        "elapsed_seconds": 0.06839169934391975
      },
      "OpenFace": {
        "enabled": true,
        "ok": true,
        "verified": true,
        "distance": 0.01712,
        "threshold": 0.1,
        "match_percent": 91.44,
        "elapsed_seconds": 0.2606914583593607
      },
      "Facenet": {
        "enabled": true,
        "ok": true,
        "verified": true,
        "distance": 0.014434,
        "threshold": 0.4,
        "match_percent": 98.19575,
        "elapsed_seconds": 0.6445694752037525
      },
      "Facenet512": {
        "enabled": true,
        "ok": true,
        "verified": true,
        "distance": 0.012291,
        "threshold": 0.3,
        "match_percent": 97.9515,
        "elapsed_seconds": 0.6674906630069017
      }
    },
    "summary": {
      "successful_models": 4,
      "mean_match_percent": 96.2668167158516,
      "min_match_percent": 91.44,
      "max_match_percent": 98.19575
    }
  },
  "perturbations": [
    {
      "method": "homography",
      "enabled": false,
      "strength": 0.04,
      "seed": 140
    },
    {
      "method": "thin-plate-spline",
      "enabled": true,
      "strength": 0.005662812606301254,
      "seed": 141,
      "grid": 9
    },
    {
      "method": "delaunay",
      "enabled": true,
      "strength": 0.0,
      "seed": 142,
      "grid": 12
    },
    {
      "method": "fft-phase",
      "enabled": true,
      "strength": 561.9789894979115,
      "seed": 143,
      "coefficients": 4
    },
    {
      "method": "elastic",
      "enabled": true,
      "strength": 0.012,
      "seed": 144,
      "sigma": 17.075227733084294
    },
    {
      "method": "rolling-shutter",
      "enabled": true,
      "strength": 0.011325625212602507,
      "seed": 145,
      "rolling_frequency": 0.6404947473744779,
      "rolling_phase": 0.0,
      "rolling_shear": 0.0033718739369874686,
      "rolling_acceleration": 0.029465930001824563
    }
  ],
  "diffusion": {
    "cpu": false,
    "device": "auto",
    "gpu_index": 0,
    "selected_model": "flux2_klein",
    "selected_model_id": "black-forest-labs/FLUX.2-klein-4B",
    "model_id": "black-forest-labs/FLUX.2-klein-4B",
    "num_inference_steps": 10,
    "guidance_scale": 1.0,
    "image_guidance_scale": 1.0,
    "max_size": 1024,
    "seed": 42,
    "instruct_pix2pix": {
      "enabled": false,
      "model_id": "timbrooks/instruct-pix2pix",
      "num_inference_steps": 20,
      "guidance_scale": 7.5,
      "image_guidance_scale": 1.0,
      "max_size": 768,
      "seed": 42
    },
    "flux2_klein": {
      "enabled": true,
      "model_id": "black-forest-labs/FLUX.2-klein-4B",
      "num_inference_steps": 10,
      "guidance_scale": 1.0,
      "max_size": 1024,
      "height": null,
      "width": null,
      "max_sequence_length": 512,
      "text_encoder_out_layers": [
        9,
        18,
        27
      ],
      "torch_dtype": "bfloat16",
      "cpu_offload": false,
      "sigmas": null,
      "seed": 42
    },
    "used_model": "flux2_klein",
    "used_model_id": "black-forest-labs/FLUX.2-klein-4B",
    "resolved_device": "cuda:0"
  },
  "deepface_models": {
    "SFace": true,
    "OpenFace": true,
    "Facenet": true,
    "Facenet512": true
  },
  "outputs": {
    "perturbed": "/home/interns/Desktop/work/fresh/output/loss_run_20260611_115708/iterations/iter_000098/perturbed.png",
    "perturbed_diffused": "/home/interns/Desktop/work/fresh/output/loss_run_20260611_115708/iterations/iter_000098/perturbed_diffused.png",
    "metrics": "/home/interns/Desktop/work/fresh/output/loss_run_20260611_115708/iterations/iter_000098/metrics.json"
  },
  "elapsed_seconds": 7.642701970413327
}