{
  "iteration": 97,
  "label": "restart_0_spsa_32_current",
  "loss": 115.42638276444535,
  "loss_components": {
    "alpha_post_objective": 91.75019867200675,
    "alpha_pre_penalty": 0.0,
    "psnr_penalty": 23.57714837412308,
    "ssim_penalty": 0.058004585946875714,
    "lpips_penalty": 0.0,
    "parameter_regularization_penalty": 0.041031132368645855
  },
  "metric_summary": {
    "alpha_pre": 92.85799806773468,
    "alpha_post": 91.75019867200675,
    "beta": {
      "psnr": 24.566550686691073,
      "ssim": 0.8318317175116755,
      "lpips": 0.06632930040359497
    }
  },
  "parameters": {
    "thin-plate-spline": {
      "strength": 0.006,
      "grid": 9
    },
    "delaunay": {
      "strength": 0.0,
      "grid": 12
    },
    "fft-phase": {
      "strength": 0.0,
      "coefficients": 4
    },
    "elastic": {
      "strength": 0.011749602520481787,
      "sigma": 17.749602520481787
    },
    "rolling-shutter": {
      "strength": 0.012,
      "rolling_frequency": 0.5,
      "rolling_shear": 0.0,
      "rolling_acceleration": 0.0260940560648371
    }
  },
  "normalized_parameters": [
    1.0,
    1.0,
    0.0,
    1.0,
    0.0,
    0.02086645662651776,
    0.9791335433734822,
    0.9791335433734822,
    1.0,
    0.0,
    0.0,
    0.9349009344139516
  ],
  "metrics": {
    "alpha_pre": 92.85799806773468,
    "alpha_post": 91.75019867200675,
    "psnr": 24.566550686691073,
    "ssim": 0.8318317175116755,
    "lpips": 0.06632930040359497
  },
  "alpha_pre_report": {
    "image_a": "/home/interns/Desktop/work/fresh/output/loss_run_20260611_115708/original.png",
    "image_b": "/home/interns/Desktop/work/fresh/output/loss_run_20260611_115708/iterations/iter_000097/perturbed.png",
    "detector_backend": "skip",
    "distance_metric": "cosine",
    "execution": {
      "allow_parallel": false,
      "requested_workers": "auto",
      "enabled_models": 4,
      "cpu_count": 40,
      "total_memory_gb": 251.37,
      "available_memory_gb": 219.2,
      "resolved_workers": 1,
      "parallel": false
    },
    "models": {
      "SFace": {
        "enabled": true,
        "ok": true,
        "verified": true,
        "distance": 0.06905,
        "threshold": 0.593,
        "match_percent": 94.1779089376054,
        "elapsed_seconds": 0.05995991826057434
      },
      "OpenFace": {
        "enabled": true,
        "ok": true,
        "verified": true,
        "distance": 0.023859,
        "threshold": 0.1,
        "match_percent": 88.0705,
        "elapsed_seconds": 0.26321172527968884
      },
      "Facenet": {
        "enabled": true,
        "ok": true,
        "verified": true,
        "distance": 0.052886,
        "threshold": 0.4,
        "match_percent": 93.38925,
        "elapsed_seconds": 0.624006126075983
      },
      "Facenet512": {
        "enabled": true,
        "ok": true,
        "verified": true,
        "distance": 0.025234,
        "threshold": 0.3,
        "match_percent": 95.79433333333334,
        "elapsed_seconds": 0.7575180847197771
      }
    },
    "summary": {
      "successful_models": 4,
      "mean_match_percent": 92.85799806773468,
      "min_match_percent": 88.0705,
      "max_match_percent": 95.79433333333334
    }
  },
  "alpha_post_report": {
    "image_a": "/home/interns/Desktop/work/fresh/output/loss_run_20260611_115708/original_diffused.png",
    "image_b": "/home/interns/Desktop/work/fresh/output/loss_run_20260611_115708/iterations/iter_000097/perturbed_diffused.png",
    "detector_backend": "skip",
    "distance_metric": "cosine",
    "execution": {
      "allow_parallel": false,
      "requested_workers": "auto",
      "enabled_models": 4,
      "cpu_count": 40,
      "total_memory_gb": 251.37,
      "available_memory_gb": 219.16,
      "resolved_workers": 1,
      "parallel": false
    },
    "models": {
      "SFace": {
        "enabled": true,
        "ok": true,
        "verified": true,
        "distance": 0.057645,
        "threshold": 0.593,
        "match_percent": 95.13954468802697,
        "elapsed_seconds": 0.06105740927159786
      },
      "OpenFace": {
        "enabled": true,
        "ok": true,
        "verified": true,
        "distance": 0.038757,
        "threshold": 0.1,
        "match_percent": 80.6215,
        "elapsed_seconds": 0.2684641107916832
      },
      "Facenet": {
        "enabled": true,
        "ok": true,
        "verified": true,
        "distance": 0.04743,
        "threshold": 0.4,
        "match_percent": 94.07124999999999,
        "elapsed_seconds": 0.6746204569935799
      },
      "Facenet512": {
        "enabled": true,
        "ok": true,
        "verified": true,
        "distance": 0.016989,
        "threshold": 0.3,
        "match_percent": 97.16850000000001,
        "elapsed_seconds": 0.7055857684463263
      }
    },
    "summary": {
      "successful_models": 4,
      "mean_match_percent": 91.75019867200675,
      "min_match_percent": 80.6215,
      "max_match_percent": 97.16850000000001
    }
  },
  "perturbations": [
    {
      "method": "homography",
      "enabled": false,
      "strength": 0.04,
      "seed": 139
    },
    {
      "method": "thin-plate-spline",
      "enabled": true,
      "strength": 0.006,
      "seed": 140,
      "grid": 9
    },
    {
      "method": "delaunay",
      "enabled": true,
      "strength": 0.0,
      "seed": 141,
      "grid": 12
    },
    {
      "method": "fft-phase",
      "enabled": true,
      "strength": 0.0,
      "seed": 142,
      "coefficients": 4
    },
    {
      "method": "elastic",
      "enabled": true,
      "strength": 0.011749602520481787,
      "seed": 143,
      "sigma": 17.749602520481787
    },
    {
      "method": "rolling-shutter",
      "enabled": true,
      "strength": 0.012,
      "seed": 144,
      "rolling_frequency": 0.5,
      "rolling_phase": 0.0,
      "rolling_shear": 0.0,
      "rolling_acceleration": 0.0260940560648371
    }
  ],
  "diffusion": {
    "cpu": false,
    "device": "auto",
    "gpu_index": 0,
    "selected_model": "flux2_klein",
    "selected_model_id": "black-forest-labs/FLUX.2-klein-4B",
    "model_id": "black-forest-labs/FLUX.2-klein-4B",
    "num_inference_steps": 10,
    "guidance_scale": 1.0,
    "image_guidance_scale": 1.0,
    "max_size": 1024,
    "seed": 42,
    "instruct_pix2pix": {
      "enabled": false,
      "model_id": "timbrooks/instruct-pix2pix",
      "num_inference_steps": 20,
      "guidance_scale": 7.5,
      "image_guidance_scale": 1.0,
      "max_size": 768,
      "seed": 42
    },
    "flux2_klein": {
      "enabled": true,
      "model_id": "black-forest-labs/FLUX.2-klein-4B",
      "num_inference_steps": 10,
      "guidance_scale": 1.0,
      "max_size": 1024,
      "height": null,
      "width": null,
      "max_sequence_length": 512,
      "text_encoder_out_layers": [
        9,
        18,
        27
      ],
      "torch_dtype": "bfloat16",
      "cpu_offload": false,
      "sigmas": null,
      "seed": 42
    },
    "used_model": "flux2_klein",
    "used_model_id": "black-forest-labs/FLUX.2-klein-4B",
    "resolved_device": "cuda:0"
  },
  "deepface_models": {
    "SFace": true,
    "OpenFace": true,
    "Facenet": true,
    "Facenet512": true
  },
  "outputs": {
    "perturbed": "/home/interns/Desktop/work/fresh/output/loss_run_20260611_115708/iterations/iter_000097/perturbed.png",
    "perturbed_diffused": "/home/interns/Desktop/work/fresh/output/loss_run_20260611_115708/iterations/iter_000097/perturbed_diffused.png",
    "metrics": "/home/interns/Desktop/work/fresh/output/loss_run_20260611_115708/iterations/iter_000097/metrics.json"
  },
  "elapsed_seconds": 7.633311415091157
}