{
  "iteration": 150,
  "label": "restart_0_spsa_50_minus",
  "loss": 96.4245856094017,
  "loss_components": {
    "alpha_post_objective": 94.23689109050028,
    "alpha_pre_penalty": 0.0,
    "psnr_penalty": 2.1481948237616004,
    "ssim_penalty": 0.011473455614767154,
    "lpips_penalty": 0.0,
    "parameter_regularization_penalty": 0.02802623952506558
  },
  "metric_summary": {
    "alpha_pre": 96.33884401349071,
    "alpha_post": 94.23689109050028,
    "beta": {
      "psnr": 26.963613290378152,
      "ssim": 0.8585771564774728,
      "lpips": 0.05668147653341293
    }
  },
  "parameters": {
    "thin-plate-spline": {
      "strength": 0.0,
      "grid": 5
    },
    "delaunay": {
      "strength": 0.0,
      "grid": 12
    },
    "fft-phase": {
      "strength": 10000.0,
      "coefficients": 4
    },
    "elastic": {
      "strength": 0.012,
      "sigma": 17.353341094887657
    },
    "rolling-shutter": {
      "strength": 0.011353341094887658,
      "rolling_frequency": 0.5,
      "rolling_shear": 0.0,
      "rolling_acceleration": 0.02676670547443829
    }
  },
  "normalized_parameters": [
    0.0,
    0.0,
    0.0,
    0.9461117579073048,
    1.0,
    0.0,
    1.0,
    0.9461117579073048,
    0.9461117579073048,
    0.0,
    0.0,
    0.9461117579073048
  ],
  "metrics": {
    "alpha_pre": 96.33884401349071,
    "alpha_post": 94.23689109050028,
    "psnr": 26.963613290378152,
    "ssim": 0.8585771564774728,
    "lpips": 0.05668147653341293
  },
  "alpha_pre_report": {
    "image_a": "/home/interns/Desktop/work/fresh/output/loss_run_20260611_115708/original.png",
    "image_b": "/home/interns/Desktop/work/fresh/output/loss_run_20260611_115708/iterations/iter_000150/perturbed.png",
    "detector_backend": "skip",
    "distance_metric": "cosine",
    "execution": {
      "allow_parallel": false,
      "requested_workers": "auto",
      "enabled_models": 4,
      "cpu_count": 40,
      "total_memory_gb": 251.37,
      "available_memory_gb": 218.97,
      "resolved_workers": 1,
      "parallel": false
    },
    "models": {
      "SFace": {
        "enabled": true,
        "ok": true,
        "verified": true,
        "distance": 0.054089,
        "threshold": 0.593,
        "match_percent": 95.4393760539629,
        "elapsed_seconds": 0.06289852783083916
      },
      "OpenFace": {
        "enabled": true,
        "ok": true,
        "verified": true,
        "distance": 0.0098,
        "threshold": 0.1,
        "match_percent": 95.1,
        "elapsed_seconds": 0.27377499267458916
      },
      "Facenet": {
        "enabled": true,
        "ok": true,
        "verified": true,
        "distance": 0.019692,
        "threshold": 0.4,
        "match_percent": 97.5385,
        "elapsed_seconds": 0.6371671408414841
      },
      "Facenet512": {
        "enabled": true,
        "ok": true,
        "verified": true,
        "distance": 0.016335,
        "threshold": 0.3,
        "match_percent": 97.27749999999999,
        "elapsed_seconds": 0.6229381207376719
      }
    },
    "summary": {
      "successful_models": 4,
      "mean_match_percent": 96.33884401349071,
      "min_match_percent": 95.1,
      "max_match_percent": 97.5385
    }
  },
  "alpha_post_report": {
    "image_a": "/home/interns/Desktop/work/fresh/output/loss_run_20260611_115708/original_diffused.png",
    "image_b": "/home/interns/Desktop/work/fresh/output/loss_run_20260611_115708/iterations/iter_000150/perturbed_diffused.png",
    "detector_backend": "skip",
    "distance_metric": "cosine",
    "execution": {
      "allow_parallel": false,
      "requested_workers": "auto",
      "enabled_models": 4,
      "cpu_count": 40,
      "total_memory_gb": 251.37,
      "available_memory_gb": 219.06,
      "resolved_workers": 1,
      "parallel": false
    },
    "models": {
      "SFace": {
        "enabled": true,
        "ok": true,
        "verified": true,
        "distance": 0.036277,
        "threshold": 0.593,
        "match_percent": 96.9412310286678,
        "elapsed_seconds": 0.07723634876310825
      },
      "OpenFace": {
        "enabled": true,
        "ok": true,
        "verified": true,
        "distance": 0.032828,
        "threshold": 0.1,
        "match_percent": 83.586,
        "elapsed_seconds": 0.26773383282124996
      },
      "Facenet": {
        "enabled": true,
        "ok": true,
        "verified": true,
        "distance": 0.025328,
        "threshold": 0.4,
        "match_percent": 96.834,
        "elapsed_seconds": 0.7332873810082674
      },
      "Facenet512": {
        "enabled": true,
        "ok": true,
        "verified": true,
        "distance": 0.002482,
        "threshold": 0.3,
        "match_percent": 99.58633333333333,
        "elapsed_seconds": 0.6610884964466095
      }
    },
    "summary": {
      "successful_models": 4,
      "mean_match_percent": 94.23689109050028,
      "min_match_percent": 83.586,
      "max_match_percent": 99.58633333333333
    }
  },
  "perturbations": [
    {
      "method": "homography",
      "enabled": false,
      "strength": 0.04,
      "seed": 192
    },
    {
      "method": "thin-plate-spline",
      "enabled": true,
      "strength": 0.0,
      "seed": 193,
      "grid": 5
    },
    {
      "method": "delaunay",
      "enabled": true,
      "strength": 0.0,
      "seed": 194,
      "grid": 12
    },
    {
      "method": "fft-phase",
      "enabled": true,
      "strength": 10000.0,
      "seed": 195,
      "coefficients": 4
    },
    {
      "method": "elastic",
      "enabled": true,
      "strength": 0.012,
      "seed": 196,
      "sigma": 17.353341094887657
    },
    {
      "method": "rolling-shutter",
      "enabled": true,
      "strength": 0.011353341094887658,
      "seed": 197,
      "rolling_frequency": 0.5,
      "rolling_phase": 0.0,
      "rolling_shear": 0.0,
      "rolling_acceleration": 0.02676670547443829
    }
  ],
  "diffusion": {
    "cpu": false,
    "device": "auto",
    "gpu_index": 0,
    "selected_model": "flux2_klein",
    "selected_model_id": "black-forest-labs/FLUX.2-klein-4B",
    "model_id": "black-forest-labs/FLUX.2-klein-4B",
    "num_inference_steps": 10,
    "guidance_scale": 1.0,
    "image_guidance_scale": 1.0,
    "max_size": 1024,
    "seed": 42,
    "instruct_pix2pix": {
      "enabled": false,
      "model_id": "timbrooks/instruct-pix2pix",
      "num_inference_steps": 20,
      "guidance_scale": 7.5,
      "image_guidance_scale": 1.0,
      "max_size": 768,
      "seed": 42
    },
    "flux2_klein": {
      "enabled": true,
      "model_id": "black-forest-labs/FLUX.2-klein-4B",
      "num_inference_steps": 10,
      "guidance_scale": 1.0,
      "max_size": 1024,
      "height": null,
      "width": null,
      "max_sequence_length": 512,
      "text_encoder_out_layers": [
        9,
        18,
        27
      ],
      "torch_dtype": "bfloat16",
      "cpu_offload": false,
      "sigmas": null,
      "seed": 42
    },
    "used_model": "flux2_klein",
    "used_model_id": "black-forest-labs/FLUX.2-klein-4B",
    "resolved_device": "cuda:0"
  },
  "deepface_models": {
    "SFace": true,
    "OpenFace": true,
    "Facenet": true,
    "Facenet512": true
  },
  "outputs": {
    "perturbed": "/home/interns/Desktop/work/fresh/output/loss_run_20260611_115708/iterations/iter_000150/perturbed.png",
    "perturbed_diffused": "/home/interns/Desktop/work/fresh/output/loss_run_20260611_115708/iterations/iter_000150/perturbed_diffused.png",
    "metrics": "/home/interns/Desktop/work/fresh/output/loss_run_20260611_115708/iterations/iter_000150/metrics.json"
  },
  "elapsed_seconds": 5.749856213107705
}