{
  "iteration": 3,
  "label": "restart_0_spsa_1_minus",
  "loss": 94.34348483530073,
  "loss_components": {
    "alpha_post": 94.34271683530073,
    "alpha_pre": 0.0,
    "parameter_regularization": 0.0007680000000000002
  },
  "parameters": {
    "thin-plate-spline": {
      "strength": 0.00248,
      "grid": 7
    },
    "delaunay": {
      "strength": 0.00704,
      "grid": 8
    },
    "fft-phase": {
      "strength": 3300.0,
      "coefficients": 5
    },
    "elastic": {
      "strength": 0.005960000000000001,
      "sigma": 11.04
    },
    "rolling-shutter": {
      "strength": 0.00496,
      "rolling_frequency": 1.7000000000000002,
      "rolling_shear": 0.0152,
      "rolling_acceleration": -0.004800000000000002
    }
  },
  "normalized_parameters": [
    0.41333333333333333,
    0.42,
    0.5866666666666667,
    0.41333333333333333,
    0.33,
    0.08666666666666666,
    0.4966666666666667,
    0.42,
    0.41333333333333333,
    0.48000000000000004,
    0.25333333333333335,
    0.42
  ],
  "metrics": {
    "alpha_pre": 94.04759547147275,
    "alpha_post": 94.34271683530073
  },
  "alpha_pre_report": {
    "image_a": "/home/interns/Desktop/work/fresh/output/loss_run_20260611_110519/original.png",
    "image_b": "/home/interns/Desktop/work/fresh/output/loss_run_20260611_110519/iterations/iter_000003/perturbed.png",
    "detector_backend": "skip",
    "distance_metric": "cosine",
    "execution": {
      "allow_parallel": false,
      "requested_workers": "auto",
      "enabled_models": 4,
      "cpu_count": 40,
      "total_memory_gb": 251.37,
      "available_memory_gb": 219.52,
      "resolved_workers": 1,
      "parallel": false
    },
    "models": {
      "SFace": {
        "enabled": true,
        "ok": true,
        "verified": true,
        "distance": 0.049212,
        "threshold": 0.593,
        "match_percent": 95.85059021922429,
        "elapsed_seconds": 0.06563187949359417
      },
      "OpenFace": {
        "enabled": true,
        "ok": true,
        "verified": true,
        "distance": 0.024685,
        "threshold": 0.1,
        "match_percent": 87.6575,
        "elapsed_seconds": 0.29923897981643677
      },
      "Facenet": {
        "enabled": true,
        "ok": true,
        "verified": true,
        "distance": 0.024319,
        "threshold": 0.4,
        "match_percent": 96.96012499999999,
        "elapsed_seconds": 0.7075077723711729
      },
      "Facenet512": {
        "enabled": true,
        "ok": true,
        "verified": true,
        "distance": 0.025667,
        "threshold": 0.3,
        "match_percent": 95.72216666666667,
        "elapsed_seconds": 0.6924837417900562
      }
    },
    "summary": {
      "successful_models": 4,
      "mean_match_percent": 94.04759547147275,
      "min_match_percent": 87.6575,
      "max_match_percent": 96.96012499999999
    }
  },
  "alpha_post_report": {
    "image_a": "/home/interns/Desktop/work/fresh/output/loss_run_20260611_110519/original_diffused.png",
    "image_b": "/home/interns/Desktop/work/fresh/output/loss_run_20260611_110519/iterations/iter_000003/perturbed_diffused.png",
    "detector_backend": "skip",
    "distance_metric": "cosine",
    "execution": {
      "allow_parallel": false,
      "requested_workers": "auto",
      "enabled_models": 4,
      "cpu_count": 40,
      "total_memory_gb": 251.37,
      "available_memory_gb": 219.43,
      "resolved_workers": 1,
      "parallel": false
    },
    "models": {
      "SFace": {
        "enabled": true,
        "ok": true,
        "verified": true,
        "distance": 0.028853,
        "threshold": 0.593,
        "match_percent": 97.56720067453625,
        "elapsed_seconds": 0.06746167503297329
      },
      "OpenFace": {
        "enabled": true,
        "ok": true,
        "verified": true,
        "distance": 0.019356,
        "threshold": 0.1,
        "match_percent": 90.322,
        "elapsed_seconds": 0.27932820096611977
      },
      "Facenet": {
        "enabled": true,
        "ok": true,
        "verified": true,
        "distance": 0.047808,
        "threshold": 0.4,
        "match_percent": 94.024,
        "elapsed_seconds": 0.7080361936241388
      },
      "Facenet512": {
        "enabled": true,
        "ok": true,
        "verified": true,
        "distance": 0.027254,
        "threshold": 0.3,
        "match_percent": 95.45766666666667,
        "elapsed_seconds": 0.7779699601233006
      }
    },
    "summary": {
      "successful_models": 4,
      "mean_match_percent": 94.34271683530073,
      "min_match_percent": 90.322,
      "max_match_percent": 97.56720067453625
    }
  },
  "perturbations": [
    {
      "method": "homography",
      "enabled": false,
      "strength": 0.04,
      "seed": 45,
      "grid": 7,
      "coefficients": 12,
      "sigma": 12.0,
      "rolling_frequency": 1.5,
      "rolling_phase": 0.0,
      "rolling_shear": 0.03,
      "rolling_acceleration": 0.0
    },
    {
      "method": "thin-plate-spline",
      "enabled": true,
      "strength": 0.00248,
      "seed": 46,
      "grid": 7,
      "coefficients": 12,
      "sigma": 12.0,
      "rolling_frequency": 1.5,
      "rolling_phase": 0.0,
      "rolling_shear": 0.03,
      "rolling_acceleration": 0.0
    },
    {
      "method": "delaunay",
      "enabled": true,
      "strength": 0.00704,
      "seed": 47,
      "grid": 8,
      "coefficients": 12,
      "sigma": 12.0,
      "rolling_frequency": 1.5,
      "rolling_phase": 0.0,
      "rolling_shear": 0.03,
      "rolling_acceleration": 0.0
    },
    {
      "method": "fft-phase",
      "enabled": true,
      "strength": 3300.0,
      "seed": 48,
      "grid": 7,
      "coefficients": 5,
      "sigma": 12.0,
      "rolling_frequency": 1.5,
      "rolling_phase": 0.0,
      "rolling_shear": 0.03,
      "rolling_acceleration": 0.0
    },
    {
      "method": "elastic",
      "enabled": true,
      "strength": 0.005960000000000001,
      "seed": 49,
      "grid": 7,
      "coefficients": 12,
      "sigma": 11.04,
      "rolling_frequency": 1.5,
      "rolling_phase": 0.0,
      "rolling_shear": 0.03,
      "rolling_acceleration": 0.0
    },
    {
      "method": "rolling-shutter",
      "enabled": true,
      "strength": 0.00496,
      "seed": 50,
      "grid": 7,
      "coefficients": 12,
      "sigma": 12.0,
      "rolling_frequency": 1.7000000000000002,
      "rolling_phase": 0.0,
      "rolling_shear": 0.0152,
      "rolling_acceleration": -0.004800000000000002
    }
  ],
  "diffusion": {
    "cpu": false,
    "device": "auto",
    "gpu_index": 0,
    "selected_model": "flux2_klein",
    "selected_model_id": "black-forest-labs/FLUX.2-klein-4B",
    "model_id": "black-forest-labs/FLUX.2-klein-4B",
    "num_inference_steps": 10,
    "guidance_scale": 1.0,
    "image_guidance_scale": 1.0,
    "max_size": 1024,
    "seed": 42,
    "instruct_pix2pix": {
      "enabled": false,
      "model_id": "timbrooks/instruct-pix2pix",
      "num_inference_steps": 20,
      "guidance_scale": 7.5,
      "image_guidance_scale": 1.0,
      "max_size": 768,
      "seed": 42
    },
    "flux2_klein": {
      "enabled": true,
      "model_id": "black-forest-labs/FLUX.2-klein-4B",
      "num_inference_steps": 10,
      "guidance_scale": 1.0,
      "max_size": 1024,
      "height": null,
      "width": null,
      "max_sequence_length": 512,
      "text_encoder_out_layers": [
        9,
        18,
        27
      ],
      "torch_dtype": "bfloat16",
      "cpu_offload": false,
      "sigmas": null,
      "seed": 42
    },
    "used_model": "flux2_klein",
    "used_model_id": "black-forest-labs/FLUX.2-klein-4B",
    "resolved_device": "cuda:0"
  },
  "deepface_models": {
    "SFace": true,
    "OpenFace": true,
    "Facenet": true,
    "Facenet512": true
  },
  "outputs": {
    "perturbed": "/home/interns/Desktop/work/fresh/output/loss_run_20260611_110519/iterations/iter_000003/perturbed.png",